<?xml version="1.0" encoding="UTF-8"?>
<!--
    Licensed to the Apache Software Foundation (ASF) under one or more
    contributor license agreements.  See the NOTICE file distributed with
    this work for additional information regarding copyright ownership.
    The ASF licenses this file to You under the Apache License, Version 2.0
    (the "License"); you may not use this file except in compliance with
    the License.  You may obtain a copy of the License at
   
         http://www.apache.org/licenses/LICENSE-2.0
   
    Unless required by applicable law or agreed to in writing, software
    distributed under the License is distributed on an "AS IS" BASIS,
    WITHOUT WARRANTIES OR CONDITIONS OF ANY KIND, either express or implied.
    See the License for the specific language governing permissions and
    limitations under the License.
-->

<!DOCTYPE struts-config PUBLIC
          "-//Apache Software Foundation//DTD Struts Configuration 1.3//EN"
          "http://struts.apache.org/dtds/struts-config_1_3.dtd">

<!--
     This is a blank Struts configuration file with an example
     welcome action/page and other commented sample elements.

     Struts Validator is configured using the factory defaults
     and is ready-to-use.

     NOTE: If you have a generator tool to create the corresponding Java classes
     for you, you could include the details in the "form-bean" declarations.
     Otherwise, you would only define the "form-bean" element itself, with the
     corresponding "name" and "type" attributes, as shown here.
-->


<struts-config>
<!-- =========================================== Global Forward Definitions -->

    <global-forwards>
        <!-- Default forward to "Welcome" action -->
        <!-- Demonstrates using index.jsp to forward -->
        <forward
            name="welcome"
            path="/Welcome.do"/>
    </global-forwards>

<!-- =========================================== Action Mapping Definitions -->
    <action-mappings>
            <!-- Default "Welcome" action -->
            <!-- Forwards to Welcome.jsp -->
       <action
            path="/Welcome"
            type="org.apache.struts.actions.ForwardAction"
			parameter="/WEB-INF/jsp/admin/admin_home_page.jsp"/>      
	</action-mappings>

<!-- ======================================== Message Resources Definitions -->

    <message-resources parameter="java.MessageResources" />

  <!-- =================================================== Validator plugin -->
  <plug-in className="org.apache.struts.validator.ValidatorPlugIn">
    <set-property
        property="pathnames"
        value="/org/apache/struts/validator/validator-rules.xml,
               /WEB-INF/validator-admin.xml"/>
  </plug-in>
<plug-in className="org.springframework.web.struts.ContextLoaderPlugIn">
		<set-property property="contextConfigLocation"
			value="/WEB-INF/action-servletAction.xml,/WEB-INF/action-servletService.xml,/WEB-INF/action-servlet.xml" />
</plug-in>

</struts-config>

