<?xml version="1.0" encoding="ISO-8859-1" ?>
<!-- Licensed to the Apache Software Foundation (ASF) under one or more contributor 
	license agreements. See the NOTICE file distributed with this work for additional 
	information regarding copyright ownership. The ASF licenses this file to 
	You under the Apache License, Version 2.0 (the "License"); you may not use 
	this file except in compliance with the License. You may obtain a copy of 
	the License at http://www.apache.org/licenses/LICENSE-2.0 Unless required 
	by applicable law or agreed to in writing, software distributed under the 
	License is distributed on an "AS IS" BASIS, WITHOUT WARRANTIES OR CONDITIONS 
	OF ANY KIND, either express or implied. See the License for the specific 
	language governing permissions and limitations under the License. -->

<!DOCTYPE form-validation PUBLIC
     "-//Apache Software Foundation//DTD Commons Validator Rules Configuration 1.3.0//EN"
     "http://jakarta.apache.org/commons/dtds/validator_1_3_0.dtd">

<form-validation>

	<!-- This is a minimal Validator form file with a couple of examples. -->

	<global>

		<!-- An example global constant <constant> <constant-name>postalCode</constant-name> 
			<constant-value>^\d{5}\d*$</constant-value> </constant> end example -->

	</global>
	<formset>
		<form name="AdminLoginFormBean">
			<field property="frmLoginEmail" depends="required">
				<arg key="Email" resource="false" />
			</field>
			<field property="frmLoginPassword" depends="required,maxlength,minlength">
				<arg key="Password" resource="false" position="0" />
				<arg key="${var:maxlength}" resource="false" position="1"
					name="maxlength" />
				<arg key="${var:minlength}" resource="false" position="1"
					name="minlength" />
				<var>
					<var-name>maxlength</var-name>
					<var-value>8</var-value>
				</var>
				<var>
					<var-name>minlength</var-name>
					<var-value>4</var-value>
				</var>
			</field>
		</form>
		<form name="AdminForgetPassFormBean">
			<field property="frmForgetPassEmail" depends="required">
				<arg key="Email" resource="false" />
			</field>
			<field property="frmForgetPassSecurityQuest" depends="required">
				<arg key="Security Question" resource="false" />
			</field>
		</form>
		<form name="AdminChangePassFormBean">
			<field property="frmChangeOldPassword" depends="required">
				<arg key="Old Password" resource="false" />
			</field>
			<field property="frmChangeNewPassword" depends="required">
				<arg key="New Password" resource="false" />
			</field>
			<field property="frmChangeConfirmPassword" depends="required">
				<arg key="Confirmed Password" resource="false" />
			</field>
		</form>
	</formset>
</form-validation>
