<?xml version="1.0" encoding="ISO-8859-1" ?>
<!-- Licensed to the Apache Software Foundation (ASF) under one or more contributor 
	license agreements. See the NOTICE file distributed with this work for additional 
	information regarding copyright ownership. The ASF licenses this file to 
	You under the Apache License, Version 2.0 (the "License"); you may not use 
	this file except in compliance with the License. You may obtain a copy of 
	the License at http://www.apache.org/licenses/LICENSE-2.0 Unless required 
	by applicable law or agreed to in writing, software distributed under the 
	License is distributed on an "AS IS" BASIS, WITHOUT WARRANTIES OR CONDITIONS 
	OF ANY KIND, either express or implied. See the License for the specific 
	language governing permissions and limitations under the License. -->

<!DOCTYPE form-validation PUBLIC
     "-//Apache Software Foundation//DTD Commons Validator Rules Configuration 1.3.0//EN"
     "http://jakarta.apache.org/commons/dtds/validator_1_3_0.dtd">

<form-validation>

	<!-- This is a minimal Validator form file with a couple of examples. -->

	<global>

		<!-- An example global constant <constant> <constant-name>postalCode</constant-name> 
			<constant-value>^\d{5}\d*$</constant-value> </constant> end example -->

	</global>
	<formset>
		<!-- FOR REGISTRATION -->
		<form name="EmpRegFormBean">
			<field property="frmFirstName" depends="required">
				<arg key="First Name" resource="false" />
			</field>
			<field property="frmLastName" depends="required">
				<arg key="Last Name" resource="false" />
			</field>
			<field property="frmPassword" depends="required,maxlength,minlength">
				<arg key="Password" resource="false" position="0" />
				<arg key="${var:maxlength}" resource="false" position="1"
					name="maxlength" />
				<arg key="${var:minlength}" resource="false" position="1"
					name="minlength" />
				<var>
					<var-name>maxlength</var-name>
					<var-value>8</var-value>
				</var>
				<var>
					<var-name>minlength</var-name>
					<var-value>4</var-value>
				</var>
			</field>
			<field property="frmEmail" depends="required,email">
				<msg name="required" key="err.user.email.required" />
	 			<msg name="email" key="err.user.email.invalid" />
			</field>
			<field property="frmNrc" depends="required">
				<arg key="NRC" resource="false" />
			</field>
			<field property="frmGender" depends="required">
				<arg key="Gender" resource="false" />
			</field>
			<field property="frmSecurityQuest" depends="required">
				<arg key="Security Question" resource="false" />
			</field>
		</form>
	</formset>
</form-validation>
