<?xml version="1.0"?>
<!DOCTYPE hibernate-mapping PUBLIC
	"-//Hibernate/Hibernate Mapping DTD//EN"
	"http://hibernate.sourceforge.net/hibernate-mapping-3.0.dtd" >

<hibernate-mapping package="com.frame.business.entity">
	<class
		name="SkillType"
		table="skill_type"
		lazy="false"
	>
		<meta attribute="sync-DAO">false</meta>
		<id
			name="Id"
			type="integer"
			column="skill_type_id"
		>
			<generator class="identity"/>
		</id>

		<property
			name="Description"
			column="description"
			type="string"
			not-null="false"
			length="225"
		/>
	
		<set
			name="Employees"
			table="employee_skill"
			cascade="all"
		>
			<key column="skill_type_id"/>
			<many-to-many column="employee_id" class="Employee"/>
		</set>


	</class>	
</hibernate-mapping>