<?xml version="1.0"?>
<!DOCTYPE hibernate-mapping PUBLIC
	"-//Hibernate/Hibernate Mapping DTD//EN"
	"http://hibernate.sourceforge.net/hibernate-mapping-3.0.dtd" >

<hibernate-mapping package="com.frame.business.entity">
	<class
		name="Status"
		table="status"
		lazy="false"
	>
		<meta attribute="sync-DAO">false</meta>
		<id
			name="Id"
			type="integer"
			column="status_id"
		>
			<generator class="identity"/>
		</id>

		<property
			name="Description"
			column="description"
			type="string"
			not-null="false"
			length="225"
		/>
	

		<set name="Employees" inverse="true">
			<key column="status_id"/>
			<one-to-many class="Employee"/>
		</set>

		<set name="JobPosts" inverse="true">
			<key column="status_id"/>
			<one-to-many class="JobPost"/>
		</set>

		<set name="Recruiters" inverse="true">
			<key column="status_id"/>
			<one-to-many class="Recruiters"/>
		</set>


	</class>	
</hibernate-mapping>